Cultivo,Kc Inicial (Kc ini),Kc Médio (Kc med),Kc Final (Kc fin),Altura Máxima (h) (m)
Brócolis,"0,70","1,05","0,95","0,30"
Couve-de-bruxelas,"0,70","1,05","0,95","0,40"
Repolho,"0,70","1,05","0,95","0,40"
Cenoura,"0,70","1,05","0,95","0,30"
Couve-flor,"0,70","1,05","0,95","0,40"
Aipo,"0,70","1,05","1,00","0,60"
Alho,"0,70","1,00","0,70","0,30"
Alface,"0,70","1,00","0,95","0,30"
Cebola – seca,"0,70","1,05","0,75","0,40"
Cebola – verde,"0,70","1,00","1,00","0,30"
Cebola – semente,"0,70","1,05","0,80","0,50"
Espinafre,"0,70","1,00","0,95","0,30"
Rabanete,"0,70","0,90","0,85","0,30"
Berinjela,0.6,"1,05","0,90","0,80"
Pimentão Doce,0.6,"1,05","0,90","0,70"
Tomate,"0,60","1,15","0,80","0,60"
Melão,"0,50","0,85","0,60","0,30"
Pepino – Colhido Fresco,"0,60","1,00","0,75","0,30"
Pepino – Colhido a Máquina,"0,50","1,00","0,90","0,30"
Abóbora-menina,"0,50","1,00","0,80","0,40"
Abobrinha ,"0,50","0,95","0,75","0,30"
Melão doce,"0,50","1,05","0,75","0,40"
Melancia,"0,40","1,00","0,75","0,40"
Beterraba de mesa,"0,50","1,05","0,95","0,40"
Mandioca – ano 1,"0,30","0,80","0,30","1,00"
Mandioca – ano 2,"0,30","1,10","0,50","1,50"
Batata,"0,50","1,15","0,75","0,60"
Batata-doce,"0,50","1,15","0,65","0,40"
Nabo (Rutabaga),"0,50","1,10","0,95","0,60"
Beterraba açucareira,"0,35","1,20","0,70","0,50"
Feijão-vagem,"0,50","1,05","0,90","0,40"
Feijão (seco e fresco),"0,40","1,15","0,35","0,40"
Grão-de-bico,"0,40","1,00","0,35","0,40"
Fava – Fresca,"0,50","1,15","1,10","0,80"
Fava – Seca/Semente,"0,50","1,15","0,30","0,80"
Grão-de-bico indiano,"0,40","1,15","0,35","0,80"
Feijão-caupi (fradinho),"0,40","1,05","0,48","0,40"
Amendoim,"0,40","1,15","0,60","0,40"
Ervilha,"0,40","1,10","0,30","0,50"
Ervilha torta ou comum – Fresca,"0,50","1,15","1,10","0,50"
Ervilha torta ou comum – Seca/Semente,"0,40","1,15","0,30","0,50"
Soja,"0,40","1,15","0,50","0,50"
Alcachofra,"0,50","1,00","0,95","0,70"
Aspargos,"0,50","0,95","0,30","0,2-0,8"
Hortelã/Menta,"0,60","1,15","1,10","0,6-0,8"
Morangos,"0,40","0,85","0,75","0,20"
Algodão,"0,35","1,18","0,60","1,2-1,5"
Linho,"0,35","1,10","0,25","1,20"
Sisal⁸,"0,35","0,60","0,60","1,50"
Mamona (Ricino),"0,35","1,15","0,55","0,30"
Canola (colza),"0,35","1,08","0,35","0,60"
Cártamo,"0,35","1,08","0,25","0,80"
Gergelim (ajonjolí),"0,35","1,10","0,25","1,00"
Girassol,"0,35","1,08","0,35","2,00"
Cevada,"0,30","1,15","0,25","1,00"
Aveia,"0,30","1,15","0,25","1,00"
Trigo de Primavera,"0,30","1,15","0,33","1,00"
Milho (grão),"0,30","1,20","0,48","2,00"
Milho (doce),"0,30","1,15","1,05","1,50"
Sorgo – grão,"0,30","1,05","0,55","1,50"
Sorgo – doce,"0,30","1,20","1,05","3,00"
Arroz,"1,05","1,20","0,75","1,00"
Alfafe (feno) – efeito médio dos cortes,"0,40","0,95","0,90","0,70"
Alfafe (feno) – períodos individuais de corte,"0,40","1,20","1,15","0,70"
Alfafe (feno) – para semente,"0,40","0,50","0,50","0,70"
Bermuda (feno) – efeito médio dos cortes,"0,55","1,00","0,85","0,35"
Bermuda (feno) – cultivo para semente (primavera),"0,35","0,90","0,65","0,40"
"Trevo feno, Berseem – efeito médio dos cortes","0,40","0,90","0,85","0,60"
"Trevo feno, Berseem – períodos individuais de corte","0,40","1,15","1,10","0,60"
Azevém / Rye Grass (feno) – efeito médio dos cortes,"0,95","1,05","1,00","0,30"
Capim-sudão (anual) – efeito médio dos cortes,"0,50","0,90","0,85","1,20"
Capim-sudão (anual) – período individual de corte,"0,50","1,15","1,10","1,20"
Pastagens de Pastejo – pastos de rotação,"0,40","1,00","0,85","0,23"
Pastagens de Pastejo – pastoreio extensivo,"0,30","0,75","0,75","0,10"
"Gramados (grama, turfgrass) – época fria¹⁵","0,90","0,95","0,95","0,10"
"Gramados (grama, turfgrass) – época quente","0,80","0,85","0,85","0,10"
Cana de açúcar,"0,40",1.25,"0,75","0,30"
Banana – 1º ano,"0,50","1,10","1,00","3,00"
Banana – 2º ano,"1,00","1,20","1,10","4,00"
Cacau,"1,00","1,05","1,05","3,00"
Café – solo sem cobertura,"0,90","0,95","0,95","2,50"
Café – com plantas daninhas,"1,05","1,10","1,10","2,50"
Tamareira (Palma Datilera),"0,90","0,95","0,95","8,00"
Palmeiras,"0,95","1,00","1,00","8,00"
Abacaxi  – solo sem cobertura,"0,50","0,30","0,30","0,6-1,2"
Abacaxi  – com cobertura de gramíneas,"0,50","0,50","0,50","0,6-1,2"
Amoras (arbusto),"0,30","1,05","0,50","1,50"
Uvas – Mesa ou secas (passas),"0,30","0,85","0,45","2,00"
Uvas – Vinho,"0,30","0,70","0,45","1,5-2"
Lúpulo,"0,30","1,05","0,85","5,00"
"Amêndoas, sem cobertura do solo","0,40","0,90","0,65","5,00"
"Maçãs, Cerejas, Peras – sem cobertura do solo, com fortes geadas","0,45","0,95","0,70","4,00"
"Maçãs, Cerejas, Peras – sem cobertura do solo, sem geadas","0,60","0,95","0,75","4,00"
"Maçãs, Cerejas, Peras – cobertura ativa do solo, com fortes geadas","0,50","1,20","0,95","4,00"
"Maçãs, Cerejas, Peras – cobertura ativa do solo, sem geadas","0,80","1,20","0,85","4,00"
"Damasco, Pêssego ou Prumo, Drupas – sem cobertura do solo, com fortes geadas","0,45","0,90","0,65","3,00"
"Damasco, Pêssego ou Prumo, Drupas – sem cobertura do solo, sem geadas","0,55","0,90","0,65","3,00"
"Damasco, Pêssego ou Prumo, Drupas  – cobertura ativa do solo, com fortes geadas","0,50","1,15","0,90","3,00"
"Damasco, Pêssego ou Prumo, Drupas – cobertura ativa do solo, sem geadas","0,80","1,15","0,85","3,00"
"Abacate, sem cobertura do solo","0,60","0,85","0,75","3,00"
"Cítricos, sem cobertura do solo – 70% de cobertura vegetal","0,70","0,65","0,70","4,00"
"Cítricos, sem cobertura do solo – 50% de cobertura vegetal","0,65","0,60","0,65","3,00"
"Cítricos, sem cobertura do solo – 20% de cobertura vegetal","0,50","0,45","0,55","2,00"
"Cítricos, com cobertura ativa do solo ou plantas daninhas – 70% de cobertura vegetal","0,75","0,70","0,70","4,00"
"Cítricos, com cobertura ativa do solo ou plantas daninhas – 50% de cobertura vegetal","0,80","0,80","0,80","3,00"
"Cítricos, com cobertura ativa do solo ou plantas daninhas – 20% de cobertura vegetal","0,85","0,85","0,85","2,00"
Coníferas,"1,00","1,00","1,00","10,00"
Kiwi,"0,40","1,05","1,05","3,00"
Oliveiras (40 a 60% de cobertura do solo pela copa),"0,65","0,70","0,70","4,00"
"Pistaches, sem cobertura do solo","0,40","1,10","0,45","4,00"
Pomar de Nogueiras,"0,50","1,10","0,65","4,50"